descripcion;income_source;derived
ATROPELLO A UN ADULTO MAYOR;Centro de Monitoreo;Delictivo
AGRESION VERBAL A PERSONAL DE FISCALIZACION;Centro de Monitoreo;Delictivo
SE RECIBE LLAMADA DE RUIDOS MOLESTOS POR MUSICA EN CAPIRONAS CON LOS MUSGOS;Centro de Monitoreo;Delictivo
CAPTURA DE DD.CC. / ROBO A CASA;Centro de Monitoreo;Delictivo
HERIDO POR ATROPÈLLO;Centro de Monitoreo;Delictivo
HCP ROBO;Centro de Monitoreo;Delictivo
HERIDO DE BALA;Centro de Monitoreo;Delictivo
Esto es una prueba;Centro de Monitoreo;Delictivo
Esto es una prueba;Centro de Monitoreo;Delictivo
Esto es una prueba;Centro de Monitoreo;Delictivo
AGRESION;Centro de Monitoreo;Delictivo
CAPTURA DE DDCC / APOYO POLICIAL;Centro de Monitoreo;Delictivo
HERIDO POR ARMA  DE FUEGO;Centro de Monitoreo;Delictivo
TIPO: AMBULANTES EN VIA PUBLICA DENOMINACION: AMBULANTES EN VIA PUBLICA;Centro de Monitoreo;Delictivo
HURTO DE CABLES DE ALTA TENSION;Centro de Monitoreo;Delictivo
POSIBLE ROBO;Centro de Monitoreo;Delictivo
HERIDO POR PAF;Centro de Monitoreo;Delictivo
CAPTURA DE DD.CC;Centro de Monitoreo;Delictivo
Esto es una prueba;Centro de Monitoreo;Delictivo
PRUEBA;Centro de Monitoreo;Delictivo
TENDERO;Centro de Monitoreo;Delictivo
Esto es una prueba;Centro de Monitoreo;Delictivo
OPERATIVO CONJUNTO PNP;Centro de Monitoreo;Delictivo
COMERCIO AMBULATORIO;Centro de Monitoreo;Delictivo
BARRISTAS;Centro de Monitoreo;Delictivo
BHMDOMODJBUUN;Centro de Monitoreo;Delictivo
CAPTURA DE DDCC / APOYO POLICIAL;Centro de Monitoreo;Delictivo
ROBO A LOCAL COMERCIAL  - DISPAROS;Centro de Monitoreo;Delictivo
HURTO A LOCAL COMERCIAL;Centro de Monitoreo;Delictivo
INFORMA SUPERVISOR LOPEZ PALOMINO ANTONIO QUE SE PRODUJO UN ASALTO EN UN ESTABLECIMIENTO FARMACEUTICO;Centro de Monitoreo;Delictivo
INFORMA SERENA RICALDI QUE SE LE ACERCA UN VECINO MANIFESTANDO HABER SIDO VICTIMA DE ROBO;Centro de Monitoreo;Delictivo
Esto es una prueba;Centro de Monitoreo;Delictivo
Esto es una prueba;Centro de Monitoreo;Delictivo
Esto es una prueba;Centro de Monitoreo;Delictivo
OPERATIVO EN CONJUNTO CON LA PNP DE VILLA  ;Centro de Monitoreo;Delictivo
PRUEBA;Centro de Monitoreo;Delictivo
FDGDFG;Centro de Monitoreo;Delictivo
DSDSDS;Centro de Monitoreo;Delictivo
RUIDOS MOLESTOS;Centro de Monitoreo;Delictivo
OCCISO;Centro de Monitoreo;Delictivo
CAPTURA DE DDCC / APOYO POLICIAL;Centro de Monitoreo;Delictivo
Esto es una prueba;Centro de Monitoreo;Delictivo
DS;Centro de Monitoreo;Delictivo
DS;Centro de Monitoreo;Delictivo
4545DFSF;Centro de Monitoreo;Delictivo
AGRESION A PERSONAL DE SERENAZGO;Centro de Monitoreo;Delictivo
ROBO A MANO ARMADA;Centro de Monitoreo;Delictivo
PRUEBA DE ENVIO;Centro de Monitoreo;Delictivo
HURTO A PERSONAS (CELULARES. MOCHILAS, RELOJES, OTROS);Centro de Monitoreo;Delictivo
OPERATIVO CONJUNTO ESCUADRON VERDE Y GERENCIA DE SEGURIDAD CIUDADANA CHORRILLOS;Centro de Monitoreo;Delictivo
COMERCIO AMBULATORIO;Centro de Monitoreo;Delictivo
CIUDADANO REPORTA PRESUNTO ROPBO DE ESCALERA A LA EMPRESA DE WIN;Centro de Monitoreo;Delictivo
ROBO A PERSONA;Centro de Monitoreo;Delictivo
ROBO A LOCAL COMERCIAL;Centro de Monitoreo;Delictivo
SE OBSERVA POR CAMARA COMERCIO AMBULATORIO EN LAS ESQUINAS DE AV. GUARDIA CIVIL CON AV. EL SOL HASTA LAS  3AM;Centro de Monitoreo;Delictivo
RUIDOS MOLESTOS POR OBRAS / TRABAJOS;Centro de Monitoreo;Delictivo
OPERATIVO CONJUNTO ESCUADRON VERDE Y GERENCIA DE SEGURIDAD CIUDADANA CHORRILLOS ;Centro de Monitoreo;Delictivo
HERIDO POR ARMA BLANCA;Centro de Monitoreo;Delictivo
SE VISUALIZA COMERCIO AMBULATORIO EN VIA PUBLICA EN LA PUERTA DEL TRAGAMONEDAS EN LA CUADRA 5 DE HUAYLAS;Centro de Monitoreo;Delictivo
TIPO: INFORMACION DEL SERVICIO  DENOMINACION: COMERCIO AMBULATORIO (VENTA DE CUBETAS DE ARENA;Centro de Monitoreo;Delictivo
CAPTURA DE DDCC / ARRESTO CIUDADANO;Centro de Monitoreo;Delictivo
CAPTURA DE DDCC / APOYO POLICIAL;Centro de Monitoreo;Delictivo
OPERATIVO EN CONJUNTO PERMANENCIA Y ESCUADRON VERDE;Centro de Monitoreo;Delictivo
CAPTURA DE DDCC / ARRESTO CIUDADANO;Centro de Monitoreo;Delictivo
ATROPELLO;Centro de Monitoreo;Delictivo
ATROPELLO;Centro de Monitoreo;Delictivo
RUIDOS MOLESTO POR TRABAJO;Centro de Monitoreo;Delictivo
CAPTURA DE DDCC / ARRESTO CIUDADANO;Centro de Monitoreo;Delictivo
REPORTAN AMBULANTES;Centro de Monitoreo;Delictivo
INFORMA SERENA RICALDI UN ROBO A UN TAXISTA;Centro de Monitoreo;Delictivo
AGENTE PORRAS CIPRIANI INFORMA SOBRE ROBO DE VEHICULO / MODALIDAD ESTACIONADO;Centro de Monitoreo;Delictivo
ROBO A MANO ARMADA;Centro de Monitoreo;Delictivo
HCSP PRESUNTA MICROCOMERCIALIZACION DE DROGAS;Centro de Monitoreo;Delictivo
ROBO DISPOSITIVO MÓVIL;Centro de Monitoreo;Delictivo
RUIDOS MOLESTOS POR SOLDADURAS;Centro de Monitoreo;Delictivo
ROBO;Centro de Monitoreo;Delictivo
SUJETO ACOSADOR TIENE DENUNCIA Y QUIERE INGRESAR A CASA DE LA OCCISA. ;Centro de Monitoreo;Delictivo
INTERVENCION A PRESUNTO DDCC / APOYO POLICIAL;Centro de Monitoreo;Delictivo
ROBO A ESTABLECIMIENTO COMERCIAL;Centro de Monitoreo;Delictivo
ROBO DE BICICLETAS SIN PROCEDER A DENUNCIA.;Centro de Monitoreo;Delictivo
COMERCIO AMBULATORIO;Centro de Monitoreo;Delictivo
AGRESION AL COORDINADOR ESPINOZA PULISCI JOSE ANTONIO;Centro de Monitoreo;Delictivo
ROBO A PERSONA;Centro de Monitoreo;Delictivo
TIPO: AMBULANTES EN VIA PUBLICA DENOMINACIÓN: AMBULANTES EN VIA PUBLICA;Centro de Monitoreo;Delictivo
CAPTURA DE SUPUESTO LADRON Y PEDOFILO EN PLAYA;Centro de Monitoreo;Delictivo
INTERVENCION A PRESUNTO DDCC / APOYO POLICIAL;Centro de Monitoreo;Delictivo
AMBULANTES EN VIA PUBLICA;Centro de Monitoreo;Delictivo
OP JULIA ESPINOZA-LLAMADA CONTRIBUYENTE QUEJA RUIDOS MOLESTOS;Centro de Monitoreo;Delictivo
MANIFESTACIONES Y DISTURBIOS CON VIOLENCIAS;Centro de Monitoreo;Delictivo
CIUDADANO REPORTA AMBULANTE INFORMAL;Centro de Monitoreo;Delictivo
AMBULANTES;Centro de Monitoreo;Delictivo
REPORTAN AMBULANTES;Centro de Monitoreo;Delictivo
HCP ROBO MODALIDAD ARREBATO;Centro de Monitoreo;Delictivo
PRESUNTO ROBO;Centro de Monitoreo;Delictivo
COMERCIO AMBULATORIO;Centro de Monitoreo;Delictivo
CIUDADANO REPORTA AMBULANTES;Centro de Monitoreo;Delictivo
CIUDADANO REPORTA AMBULANTE;Centro de Monitoreo;Delictivo
SE RECIBE COMUNICACIÓN DEL AGENTE DE SERENAZGO QUIEN INFORMA, QUE UN CIUDADANO HA REPORTADO HABER SIDO VICTIMA DE ROBO DE SU CELULAR.;Centro de Monitoreo;Delictivo
ROBO DE UN VEHICULO A MANO ARMADA;Centro de Monitoreo;Delictivo
CAPTURA DE DDCC / ARRESTO CIUDADANO;Centro de Monitoreo;Delictivo
MOTO LINIAL ABANDONADA;Centro de Monitoreo;Delictivo
AMBULANTES EN VIA PUBLICA;Centro de Monitoreo;Delictivo
HURTO;Centro de Monitoreo;Delictivo
AGRESION;Centro de Monitoreo;Delictivo
ROBO VEHICULAR;Centro de Monitoreo;Delictivo
02 CIUDADANOS HERIDOS POR BALA;Centro de Monitoreo;Delictivo
OPERATIVO CONJUNTO DEL ESCUADRÓN VERDE ZONA SUR Y LA GERENCIA DE SEGURIDAD CIUDADANA;Centro de Monitoreo;Delictivo
CAPTURA DE LADRON;Centro de Monitoreo;Delictivo
ROBO;Centro de Monitoreo;Delictivo
REPORTAN AMBULANTES;Centro de Monitoreo;Delictivo
INFORMA SERENA UN ROBO DE UN VEHICULO;Centro de Monitoreo;Delictivo
INFORMA SERENA QUE SE LE ACERCA UN VARON A REPORTARLE QUE SU AUTO FUE ROBADO;Centro de Monitoreo;Delictivo
INFORMA SUPERVISOR HURTADO UN APOYO A UN AGRAVIADO POR ROBO;Centro de Monitoreo;Delictivo
OPER: YAÑEZ - AMBULANTES EN VIA PUBLICA;Centro de Monitoreo;Delictivo
INTERVENCION A SUJETO EN CONSUMO DE SUSTANCIAS TOXICAS Y PRESUNTA MICROCOMERCIALIZACION DE DROGAS;Centro de Monitoreo;Delictivo
TRABAJOS;Centro de Monitoreo;Delictivo
02 SUJETOS ESTABAN  REALIZANDO UN PRESUNTO ROBO DE MEDIDORES DE AGUA POTABLE;Centro de Monitoreo;Delictivo
SE VISUALIZA COMERCIO AMBULATORIO DE ANTICUCHOS Y BEBIDAS ALCOHOLICAS EN JR. SAN FELIPE CUADRA 1 FRENTE AL COLEGIO SANTA ROSA;Centro de Monitoreo;Delictivo
FRUSTRACIÒN DE VEHICULO MENOR (MOTO LINEAL) PERTENECIENTE AL AREA DE MOVILIDAD URBANA.;Centro de Monitoreo;Delictivo
INTENTO DE HURTO AL INSTITUTO SUPERIOR TECNOLÓGICO PÚBLICO ANTENOR ORREGO;Centro de Monitoreo;Delictivo
OPER: YAÑEZ  - AMBULANTES EN VIA PUBLICA;Centro de Monitoreo;Delictivo
OPER: YAÑEZ - AMBULANTES EN VIA PUBLICA;Centro de Monitoreo;Delictivo
REPORTAN AMBULANTES;Centro de Monitoreo;Delictivo
REPORTAN AMBULANTES;Centro de Monitoreo;Delictivo
AMBULANTES;Centro de Monitoreo;Delictivo
PRESUNTO ROBO A DOMICILIO;Centro de Monitoreo;Delictivo
PRESUNTO ATROPELLO EN VIA;Centro de Monitoreo;Delictivo
AMBULANTES EN VIA PUBLICA;Centro de Monitoreo;Delictivo
CIUDADANO REPORTA RUIDOS MOLESTOS POR TRABAJOS DE JARDINERIA;Centro de Monitoreo;Delictivo
COMERCIO AMBULATORIO;Centro de Monitoreo;Delictivo
CIUDADANO REPORTA RUIDOS MOLESTOS POR TRABAJOS;Centro de Monitoreo;Delictivo
REPORTAN AMBULANTES;Centro de Monitoreo;Delictivo
RUIDOS MOLESTOS POR TRABAJOS;Centro de Monitoreo;Delictivo
ROBO A MANO ARMADA;Centro de Monitoreo;Delictivo
RUIDOS MOLESTOS POR OBRAS;Centro de Monitoreo;Delictivo
AMBULANTES EN LA VIA PUBLICA;Centro de Monitoreo;Delictivo
TOCAMIENTOS INDIVIDUOS;Centro de Monitoreo;Delictivo
TIPO: AMBULANTES EN VIA PUBLICA DENOMINACION: AMBULANTES EN VIA PUBLICA;Centro de Monitoreo;Delictivo
TIPO: AMBULANTES EN VIA PUBLICA DENOMINACION: COMERCIO AMBULATORIO;Centro de Monitoreo;Delictivo
RUIDOS MOLESTOS POR TRABAJOS;Centro de Monitoreo;Delictivo
OP: KENDRIC BARBOZA - RUIDOS MOLESTOS POR TRABAJOS;Centro de Monitoreo;Delictivo
CIUDADANO RPEORTA RUIDOS MOLESTOS POR TRABAJOS;Centro de Monitoreo;Delictivo
HURTO A LOCAL COMERCIAL / MODALIDAD TENDERO;Centro de Monitoreo;Delictivo
CIUDADANO NOS REPORTE RUIDOS MOLESTOS POR TRABAJOS;Centro de Monitoreo;Delictivo
VEHICULO MENOR;Centro de Monitoreo;Delictivo
SUJETO EN ESTADO DE EBRIEDAD;Centro de Monitoreo;Delictivo
ROBO DE UN DISPOSITIVO MOVIL Y BILLETERA;Centro de Monitoreo;Delictivo
CAPTURA DE DDCC / APOYO POLICIAL;Centro de Monitoreo;Delictivo
AMBULANTES EN LA VIA PUBLICA;Centro de Monitoreo;Delictivo
APOYO A PERSONA CON ALTERACIONES MENTALES;Centro de Monitoreo;Delictivo
CIUDADANO REPORTA RUIDOS MOLESTOS POR TRABAJOS AL PARECER SIN PERMISO;Centro de Monitoreo;Delictivo
CIUDADANO REPORTA AMBULANTE;Centro de Monitoreo;Delictivo
AMBULANTES EN VIA PUBLICA;Centro de Monitoreo;Delictivo
ROBO DE VEHICULO;Centro de Monitoreo;Delictivo
HCP ROBO;Centro de Monitoreo;Delictivo
TIPO: AMBULANTES EN VIA PUBLICA DENOMINACION: AMBULANTES EN VIA PUBLICA;Centro de Monitoreo;Delictivo
TIPO: RUIDOS MOLESTOS POR OBRAS / TRABAJOS DENOMINACION: RUIDOS MOLEESTOS POR TRABAJOS;Centro de Monitoreo;Delictivo
CAPTURA DE DDCC / APOYO POLICIAL;Centro de Monitoreo;Delictivo
HCP ROBO / ROBO CON ARMA DE FUEGO;Centro de Monitoreo;Delictivo
AMBULANTE;Centro de Monitoreo;Delictivo
ROBO A MANO ARMADA;Centro de Monitoreo;Delictivo
AMBULANTES;Centro de Monitoreo;Delictivo
AMBULANTES EN VIA PUBLICA;Centro de Monitoreo;Delictivo
CIUDADANO REPORTA RUIDOS MOLESTOS POR TALLER;Centro de Monitoreo;Delictivo
CIUDADANO REPORTA RUIDOS MOLESTOS POR TRABAJOS;Centro de Monitoreo;Delictivo
REPORTAN AMBULANTES;Centro de Monitoreo;Delictivo
Esto es una prueba;Centro de Monitoreo;Delictivo
INFORMA FEMINA QUE FUE VICTIMA DE AGRESION POR PARTE DEL PERSONAL DE SERENAZGO;Centro de Monitoreo;Delictivo
TIPO: AMBULANTES EN VIA PUBLICA DENOMINACION: AMBULANTES EN VIA PUBLICA;Centro de Monitoreo;Delictivo
CIUDADANO REPORTA AMBULANTE;Centro de Monitoreo;Delictivo
CIUDADANO REPORTA SUJETO EN PRESUNTA VENTA DE SUSTANCIAS ILICITAS;Centro de Monitoreo;Delictivo
ATROPELLO CON DAÑOS PERSONALES Y MATERIALES;Centro de Monitoreo;Delictivo
CAPTURA DE DDCC / ARRESTO CIUDADANO;Centro de Monitoreo;Delictivo
AMBULANTES;Centro de Monitoreo;Delictivo
CIUDADANO REPORTA COMERCIO AMBULATORIO;Centro de Monitoreo;Delictivo
CIUDADANO REPORTA COMERCIO AMBULATORIO;Centro de Monitoreo;Delictivo
SE APROXIMA A BASE MATELLINI UNA PAREJA DE ESPOSOS (NO BRINDARON DATOS) , INFORMANDO SOBRE EL ROBO DE SU DOMICILIO;Centro de Monitoreo;Delictivo
CIUDADANO REPORTA RUIDOS MOLESTOS POR OBRAS;Centro de Monitoreo;Delictivo
CIUDADANO REPORTA OBRAS SIN PERMISO;Centro de Monitoreo;Delictivo
CIUDADANO REPORTA AMBULANTE;Centro de Monitoreo;Delictivo
ROBO A MANO ARMADA;Centro de Monitoreo;Delictivo
FRUSTRACION DE ROBO DE AUTOPARTES;Centro de Monitoreo;Delictivo
COMERCIO AMBULATORIO;Centro de Monitoreo;Delictivo
TIPO: AMBULANTES EN VIA PUBLICA DENOMINACION: ACUMULACION DE COMERCIO AMBULATORIO;Centro de Monitoreo;Delictivo
TIPO: AMBULANTES EN VIA PUBLICA DENOMINACION: AMBULANTES EN VIA PUBLICA;Centro de Monitoreo;Delictivo
RUIDOS MOLESTOS POR OBRAS / TRABAJOS;Centro de Monitoreo;Delictivo
CIUDADANO REPORTA OBRA CLAUSURADA QUE CONTINUA SUS TRABAJOS;Centro de Monitoreo;Delictivo
HURTO A LOCAL COMERCIAL / MODALIDAD TENDERO;Centro de Monitoreo;Delictivo
TENDERO;Centro de Monitoreo;Delictivo
HURTO A PERSONA - MODALIDAD ARREBATO EN MOTO LINEAL;Centro de Monitoreo;Delictivo
ROBO DE VEHICULO MODALIDAD FALSO PASAJERO;Centro de Monitoreo;Delictivo
RUIDOS MOLESTOS;Centro de Monitoreo;Delictivo
OP JULIA ESPINOZA-RUIDOS MOLESTOS POR TRABAJOS;Centro de Monitoreo;Delictivo
TIPO: AMBULANTES EN VIA PUBLICA DENOMINACION: AMBULANTES EN VIA PUBLICA;Centro de Monitoreo;Delictivo
CIUDADANO INFORMA COMERCIO AMBULATORIO;Centro de Monitoreo;Delictivo
CIUDADANO REPORTA COMERCIO AMBULATORIO;Centro de Monitoreo;Delictivo
HCP ROBO;Centro de Monitoreo;Delictivo
TENDEROS ;Centro de Monitoreo;Delictivo
CAPTURA DE DDCC / ARRESTO CIUDADANO A PRESUNTO VIOLADOR;Centro de Monitoreo;Delictivo
PERSECUCION;Centro de Monitoreo;Delictivo
RUIDOS MOLESTOS DE TRABAJOS CON TALADRO;Centro de Monitoreo;Delictivo
TIPO: AMBULANTES EN VIA PUBLICA DENOMINACION: AMBULANTES EN VIA PUBLICA;Centro de Monitoreo;Delictivo
TIPO: AMBULANTES EN VIA PUBLICA DENOMINACION: AMBULANTES EN VIA PUBLICA;Centro de Monitoreo;Delictivo
TIPO: AMBULANTES EN VIA PUBLICA DENOMINACION: AMBULANTES EN VIA PUBLICA;Centro de Monitoreo;Delictivo
ROBO A MANO ARMADA;Centro de Monitoreo;Delictivo
REPORTAN AMBULANTES;Centro de Monitoreo;Delictivo
RUIDOS MOLESTOS POR OBRAS;Centro de Monitoreo;Delictivo
ROBO A  TRANSEUNTE;Centro de Monitoreo;Delictivo
ROBO DE AUTOPARTES / ACCESORIOS;Centro de Monitoreo;Delictivo
CIUDADANO REPORTA AMBULANTES;Centro de Monitoreo;Delictivo
CIUDADANO REPORTA AMBULANTE;Centro de Monitoreo;Delictivo
CIUDADANO REPORTA AMBULANTE /REITERATIVO(;Centro de Monitoreo;Delictivo
SUJETO HURTA TAPAS DE CONTENEDORES SUBTERRANEOS;Centro de Monitoreo;Delictivo
HERIDO POR ATROPELLO;Centro de Monitoreo;Delictivo
ATROPELLO;Centro de Monitoreo;Delictivo
REPORTAN COMERCIOS AMBULATORIOS A LAS AFUERAS DEL CLUB;Centro de Monitoreo;Delictivo
SE REICBE LA COMUNICACION VIA RADIAL DEL ROBO A PERSONA POR MODALIDAD DE COGOTEO;Centro de Monitoreo;Delictivo
SE RECIBE LA COMUNICACION TELEFONICA DE UN ROBO EN CALLE PUERTO CHICAMA 265;Centro de Monitoreo;Delictivo
PERSONA DORMITANTE;Centro de Monitoreo;Delictivo
INFORMA SUPERVISOR OLAYA GAMONAL CAPTURA DE DDCC;Centro de Monitoreo;Delictivo
REPORTAN COMERCIO AMBULATORIO EN LOS ALREDEDORES DE LA POSTA;Centro de Monitoreo;Delictivo
CIUDADANO RPEORTA RUIDOS MOLESTOS POR TRABAJOS;Centro de Monitoreo;Delictivo
CIUDADANO REPORTA AMBULANTES;Centro de Monitoreo;Delictivo
AMBULANTES;Centro de Monitoreo;Delictivo
AGRSION FISCIA;Centro de Monitoreo;Delictivo
VECINO INFORMA QUE ES UNA VENTA DE COMIDA LA CUAL TIENE  SU ALREDEDOR GRUPO DE PERSONAS GENERANDO RUIDOS MOLESTOS;Centro de Monitoreo;Delictivo
HURTO;Centro de Monitoreo;Delictivo
TIPO: ARROJO DE BASURA, DESMONTE Y/O MALEZA DENOMINACION: ARROJO DE DESMONTE;Centro de Monitoreo;Delictivo
ROBO EN PROCESO;Centro de Monitoreo;Delictivo
HCP ROBO;Centro de Monitoreo;Delictivo
HCP HURTO;Centro de Monitoreo;Delictivo
AGRESION CON HABLANCA;Centro de Monitoreo;Delictivo
INTERVENCION POLICIAL;Centro de Monitoreo;Delictivo
TIPO: AMBULANTES EN VIA PUBLICA DENOMINACION: AMBULANTES EN LA VIA PUBLICA;Centro de Monitoreo;Delictivo
AGRESION A PERSONAL DE SERENAZGO;Centro de Monitoreo;Delictivo
ANIMALES EN UN CARRO ABANDONADOS;Centro de Monitoreo;Delictivo
HURTO A PERSONA - MODALIDAD ARREBATO EN MOTO LINEAL;Centro de Monitoreo;Delictivo
CIUDADANO REPORTA COMERCIO AMBULATORIO;Centro de Monitoreo;Delictivo
AGENTE ÑONTOL VILLA REPÒRTA ROBO A FEMINA;Centro de Monitoreo;Delictivo
HCP ROBO;Centro de Monitoreo;Delictivo
TENDERO;Centro de Monitoreo;Delictivo
ATROPELLO;Centro de Monitoreo;Delictivo
ROBO DE AUTO PARTES (COMPUTADORA Y BATERIA);Centro de Monitoreo;Delictivo
RUIDOS MOLESTOS (TRABAJOS);Centro de Monitoreo;Delictivo
ARRESTO CIUDADANO;Centro de Monitoreo;Delictivo
CIUDADANO RPEORTA COMERCIO AMBULATORIO;Centro de Monitoreo;Delictivo
TIPO: AMBULANTES EN VIA PUBLICA DENOMINACION: AMBULANTES EN VIA PUBLICA;Centro de Monitoreo;Delictivo
TIPO: RUIDOS MOLESTOS POR OBRAS / TRABAJOS DENOMINACION: RUIDOS MOLESTOS POR OBRA CLAUSURADA;Centro de Monitoreo;Delictivo
PATRULLAJE MUNICIPAL;Centro de Monitoreo;Delictivo
RUIDOS MOLESTOS POR OBRAS / TRABAJOS;Centro de Monitoreo;Delictivo
ATROPELLO Y  FUGA;Centro de Monitoreo;Delictivo
HCP ROBO;Centro de Monitoreo;Delictivo
OPERATIVO CONJUNTO POLICIA NACIONAL Y SERENAZGO;Centro de Monitoreo;Delictivo
TOLDO EN VIA PUBLICA;Centro de Monitoreo;Delictivo
OPERATIVO CONJUNTO PNP;Centro de Monitoreo;Delictivo
SE RECIBE COMUNICACION DE ROBO DE VEHICULO;Centro de Monitoreo;Delictivo
AMBULANTES EN VIA PUBLICA;Centro de Monitoreo;Delictivo
CIUDADANO REPORTA RUIDOS MOLESTOS POR TRABAJOS;Centro de Monitoreo;Delictivo
ROBO DE PERTENENCIAS;Centro de Monitoreo;Delictivo
TIPO: AMBULANTES EN VIA PUBLICA DENOMINACION: AMBULANTES EN VIA PUBLICA;Centro de Monitoreo;Delictivo
CIUDADANO REPORTA COMERCIO AMBULATORIO;Centro de Monitoreo;Delictivo
N*ROBO DE VEHÍCULOS (MAYORES, MENORES Y AUTOPARTES);Centro de Monitoreo;Delictivo
CIUDADANO REPORTA COMERCIO AMBULATORIO;Centro de Monitoreo;Delictivo
ROBO DE VEHICULO;Centro de Monitoreo;Delictivo
CIUDADANO REPORTA RUIDOS MOLESTOS POR OBRAS;Centro de Monitoreo;Delictivo
CIUDADANO REPORTA ROBO;Centro de Monitoreo;Delictivo
ATROPELLO;Centro de Monitoreo;Delictivo
PATRULLAJE MUNICIPAL;Centro de Monitoreo;Delictivo
HCP HURTO;Centro de Monitoreo;Delictivo
CIUDADANO REPORTA COMERCIO AMBULATORIO;Centro de Monitoreo;Delictivo
SUPERVISOR MONTES HEREDIA BRAYAN INFORMO PRESUNTO ROBO DE SOMBRILLAS;Centro de Monitoreo;Delictivo
CIUDADANO REPORTA ROBO DE VEHICULO 939455576;Centro de Monitoreo;Delictivo
HURTO A LOCAL COMERCIAL / MODALIDAD TENDERO;Centro de Monitoreo;Delictivo
ROBO DE VEHICULO;Centro de Monitoreo;Delictivo
COMERCIO AMBULATORIO;Centro de Monitoreo;Delictivo
INTENTO DE SUICIDIO;Centro de Monitoreo;Delictivo
CAPTURA - ROBO;Centro de Monitoreo;Delictivo
PRESUNTO ACOSO;Centro de Monitoreo;Delictivo
CIUDADANO REPORTA COMERCIO AMBULATORIO;Centro de Monitoreo;Delictivo
HCP ROBO;Centro de Monitoreo;Delictivo
REPORTAN ROBO CON ARMA DE FUEGO A LOCAL DE FARMACIA MIFARMA;Centro de Monitoreo;Delictivo
ATROPELLO A CAN;Centro de Monitoreo;Delictivo
TIPO: HURTO A PERSONAS (CELULARES. MOCHILAS, RELOJES, OTROS) DENOMINACIÓN: HURTO A PERSONA (CELULAR);Centro de Monitoreo;Delictivo
CAPTURA DE DDCC / ARRESTO CIUDADANO;Centro de Monitoreo;Delictivo
ATROPELLO;Centro de Monitoreo;Delictivo
PRESUNTO INTENTO DE SUICIDO;Centro de Monitoreo;Delictivo
RUIDOS MOLESTOS (TRABAJOS);Centro de Monitoreo;Delictivo
VECINA INFORMA RUIDOS MOLESTOS;Centro de Monitoreo;Delictivo
CIUDADANO REPORTA RUIDOS MOLESTOS POR TRABAJOS;Centro de Monitoreo;Delictivo
AGRESION A PERSONAL DE SERENAZGO;Centro de Monitoreo;Delictivo
REPOTAN ROBO DENTRO DE UN DEPARTAMENTO;Centro de Monitoreo;Delictivo
02 SUJETOS LIBANDO LICOR LIBANDO LICOR;Centro de Monitoreo;Delictivo
HCSP CONDUCCION EN PRESUNTO ESTADO DE EBRIEDAD;Centro de Monitoreo;Delictivo
CIUDADANO REPORTA COMERCIO AMBULATORIO;Centro de Monitoreo;Delictivo
HCP ROBO;Centro de Monitoreo;Delictivo
ATROPELLO Y FUGA DEL VEHICULO;Centro de Monitoreo;Delictivo
FRUSTACION DE ROBO AL LOCAL TAMBO;Centro de Monitoreo;Delictivo
CIUDADANO REPORTA COMERCIO AMBULATORIO;Centro de Monitoreo;Delictivo
CIUDADANO REPORTA RUIDOS MOLESTOS POR TRABAJOS;Centro de Monitoreo;Delictivo
EMERGENCIA MEDICA;Centro de Monitoreo;Delictivo
VENTA DE COMIDA EN VIA PUBLICA;Centro de Monitoreo;Delictivo
RUIDOS MOLESTOS POR OBRAS / TRABAJOS;Centro de Monitoreo;Delictivo
CIUDADANO REPORTA RUIDOS MOLESTOS POR CONSTRUCCION;Centro de Monitoreo;Delictivo
CAPTURA DE DDCC / ARRESTO CIUDADANO;Centro de Monitoreo;Delictivo
TIPO: RUIDOS MOLESTOS POR OBRAS / TRABAJOS DENOMINACIÓN: RUIDOS MOLESTOS POR OBRAS / TRABAJOS;Centro de Monitoreo;Delictivo
AGRESION A PERSONAL DE SERENAZGO;Centro de Monitoreo;Delictivo
ROBO;Centro de Monitoreo;Delictivo
SE VISUALIZA POR LA CAMARA DE PASEO DE LA REPUBLICA CON FERRARI OLCESE, UNA CAPTURA POLICIAL, JUSTO A LA ALTURA DE LA ESCUELA MILITAR;Centro de Monitoreo;Delictivo
RUIDOS MOLESTOS POR OBRAS EN GIMNASIO;Centro de Monitoreo;Delictivo
ROBO - MODALIDAD FALSO PASAJERO;Centro de Monitoreo;Delictivo
OPERATIVO CONJUNTO CON PNP, SERENAZGO Y MOVILIDAD URBANA.;Centro de Monitoreo;Delictivo
SE VISUALIZA POR CAMARA GRUPO DE SUJETOS LIMPIANDO VIDRIOS DE LOS VEHICULO EN VIA PUBLICA;Centro de Monitoreo;Delictivo
FGDHGS;Centro de Monitoreo;Delictivo
UNIDAD MOTORIZADA Nº87 ESPINOZA HOYOS REPORTA ROBO DE AUTOPARTES;Centro de Monitoreo;Delictivo
AGRESION A PERSONAL DE FISCALIZACION;Centro de Monitoreo;Delictivo
ROBO CON ARMA DE FUEGO;Centro de Monitoreo;Delictivo
ROBO CON ARMA DE FUEGO;Centro de Monitoreo;Delictivo
CIUDADANO REPORTA DEMOLICION DE CASA;Centro de Monitoreo;Delictivo
CIUDADANO REPORTA RUIDOS MOLESTOS POR UN NEGOCIO ) NOVEDAD TURNO NOCHE;Centro de Monitoreo;Delictivo
CIUDADANO REPORTA RUIDOS MOLESTOS POR TRABAJOS;Centro de Monitoreo;Delictivo
CIUDADANO REPORTA RUIDOS MOLESTOS Y OLORES FUERTES;Centro de Monitoreo;Delictivo
ROBO A VEHÍCULO MODALIDAD ESTACIONADO;Centro de Monitoreo;Delictivo
RUIDOS MOLESTOS POR OBRAS FUERA DEL HORARIO;Centro de Monitoreo;Delictivo
TIPO: VEHICULOS MAL ESTACIONADOS DENOMINACIÓN: VEHICULOS MAL ESTACIONADOS;Centro de Monitoreo;Delictivo
RUIDOS MOLESTOS POR OBRAS;Centro de Monitoreo;Delictivo
CIUDADANO REPORTA RUIDOS MOLESTOS POR OBRAS;Centro de Monitoreo;Delictivo
ATROPELLO A MENOR DE EDAD;Centro de Monitoreo;Delictivo
VECINO INDICA GRESCA ENTRE UN GRUPO DE PERSONAS QUE ESTAN TOMANDO LICOR EN VIA PUBLICA;Centro de Monitoreo;Delictivo
COMERCIO AMBULATORIO;Centro de Monitoreo;Delictivo
ATROPELLO;Centro de Monitoreo;Delictivo
COMERCIO AMBULATORIO;Centro de Monitoreo;Delictivo
CAPTURA ALIAS KUCIO;Centro de Monitoreo;Delictivo
ROBO A TIENDA MASS;Centro de Monitoreo;Delictivo
HCP ROBO;Centro de Monitoreo;Delictivo
ROBO DE UN DISPOSITVO MOVIL;Centro de Monitoreo;Delictivo
RUIDO MOLESTO POR OBRAS;Centro de Monitoreo;Delictivo
RM POR CONSTRUCCION;Centro de Monitoreo;Delictivo
OP -HURTO DE CATERIANA;Centro de Monitoreo;Delictivo
COMERCIO AMBULATORIO;Centro de Monitoreo;Delictivo
CIUDADANO REPORTA RUIDOS MOLESTOS POR CONSTRUCCION;Centro de Monitoreo;Delictivo
CAPTURA POR EL GRUPO OLAYA;Centro de Monitoreo;Delictivo
ARREBATO DE DISPOSITIVO MOVIL;Centro de Monitoreo;Delictivo
INTENTO DE ROBO;Centro de Monitoreo;Delictivo
SE VISUALIZA 6 PERSONAS LIMPIANDO PARABRISAS DE LOS VEHICULOS EN VIA PUBLICA;Centro de Monitoreo;Delictivo
RUIDOS MOLESTOS POR OBRAS / TRABAJOS;Centro de Monitoreo;Delictivo
RUIDOS MOLESTOS POR OBRAS;Centro de Monitoreo;Delictivo
AGRESION A PERSONAL DE SERENAZGO Y FISCALIZACION;Centro de Monitoreo;Delictivo
OPERATIVO CONJUNTO  - PREVENCION DE PIQUES ILEGALES;Centro de Monitoreo;Delictivo
ROBO DE AUTOPARTES / ACCESORIOS;Centro de Monitoreo;Delictivo
ROBO DE AUTOPARTES / ACCESORIOS;Centro de Monitoreo;Delictivo
APOYO A VECINO;Centro de Monitoreo;Delictivo
CAPTURA CON ARMA DE FUEGO;Centro de Monitoreo;Delictivo
ATROPELLO A PERSONAL DE MOVILIDAD URBANA;Centro de Monitoreo;Delictivo
SE VISUALIZA AMBULANTES;Centro de Monitoreo;Delictivo
ROBO DE DISPOSITIVO MOVIL;Centro de Monitoreo;Delictivo
TIPO: AMBULANTES EN VIA PUBLICA DENOMINACIÓN: AMBULANTES EN VIA PUBLICA;Centro de Monitoreo;Delictivo
TIPO: RUIDOS MOLESTOS POR OBRAS / TRABAJOS DENOMINACIÓN: RUIDOS MOLESTOS POR OBRAS / TRABAJOS;Centro de Monitoreo;Delictivo
HERIDO POR ROBO (PIEDRA EN LA CABEZA);Centro de Monitoreo;Delictivo
AGRESION A PERSONAL DE FISCALIZACION;Centro de Monitoreo;Delictivo
RUIDOS MOLESTOS POR OBRAS;Centro de Monitoreo;Delictivo
COMERCIO AMBULATORIO;Centro de Monitoreo;Delictivo
COMERCIO AMBULATORIO;Centro de Monitoreo;Delictivo
AMBULANTES EN VIA PUBLICA;Centro de Monitoreo;Delictivo
OPERATIVO EN CONJUNTO, PNP,FISCALIZACION, SERENAZGO, ESCUADRON EMIR, GRUPO OLAYA;Centro de Monitoreo;Delictivo
ATROPELLO;Centro de Monitoreo;Delictivo
RUIDOS MOLESTOS POR TRABAJOS;Centro de Monitoreo;Delictivo
OBRA PARALIZADA QUE CONTINUA CON TRABAJOS;Centro de Monitoreo;Delictivo
CAPTURA DE PAREJA QUE MICROCOMERCIALIZA DROGAS;Centro de Monitoreo;Delictivo
HERIDO POR ARMA BLANCA;Centro de Monitoreo;Delictivo
COMERCIO AMBULATORIO;Centro de Monitoreo;Delictivo
RUIDOS MOLESTOS POR TRABAJOS;Centro de Monitoreo;Delictivo
HCP ROBO;Centro de Monitoreo;Delictivo
PACHECO DIAZ REPORTA COMERCIO AMBULATORIO CASO OMISO;Centro de Monitoreo;Delictivo
OPERATIVO CONJUNTO DEL ESCUADRON VERDE Y SEGURIDAD CIUDADANA  ;Centro de Monitoreo;Delictivo
ROBO CON ARMA DE FUEGO;Centro de Monitoreo;Delictivo
AGRESION A PERSONAL DE SERENAZGO;Centro de Monitoreo;Delictivo
ARREBATO DE DISPOSITIVO MOVIL;Centro de Monitoreo;Delictivo
DETENCION A PRESUNTO DELINCUENTE CON RQ;Centro de Monitoreo;Delictivo
INTENTO DE SUICIDIO;Centro de Monitoreo;Delictivo
ROBO;Centro de Monitoreo;Delictivo
AMBULANTES EN VIA PUBLICA;Centro de Monitoreo;Delictivo
INTERVENCION A PRESUNTO DELINCUENTE;Centro de Monitoreo;Delictivo
RUIDOS MOLESTOS POR TRABAJOS;Centro de Monitoreo;Delictivo
CAPTURA DE DDCC / ARRESTO CIUDADANO;Centro de Monitoreo;Delictivo
SUJETO MUESTRA SUS PARTES IMTIMAS A PERSONAL DE PLAYA;Centro de Monitoreo;Delictivo
COMERCIO AMBULATORIO;Centro de Monitoreo;Delictivo
TIPO: CAPTURA DE DDCC / ARRESTO CIUDADANO DENOMINACIÓN: ROBO / CAPTURA;Centro de Monitoreo;Delictivo
CAPTURA DE DDCC / ARRESTO CIUDADANO;Centro de Monitoreo;Delictivo
ARRESTO CIUDADANO;Centro de Monitoreo;Delictivo
REPORTAN HURTO DE HERRAMIENTAS DENTRO DE UN VEHCIULO DE TELEFONIA;Centro de Monitoreo;Delictivo
ARROJO DE BASURA;Centro de Monitoreo;Delictivo
TIPO: RUIDOS MOLESTOS POR OBRAS / TRABAJOS DENOMINACIÓN: RUIDOS MOLESTOS POR OBRAS / TRABAJOS;Centro de Monitoreo;Delictivo
INTENTO DE ROBO CON ARMA DE FUEGO;Centro de Monitoreo;Delictivo
RESIDUOS SOLIDOS Y AMBULANTES;Centro de Monitoreo;Delictivo
RUIDOS MOLESTOS;Centro de Monitoreo;Delictivo
HCSP CONDUCCION EN PRESUNTO ESTADO DE EBRIEDAD;Centro de Monitoreo;Delictivo
OP: KENDRIC BARBOZA - INTERVENCIÓN DEPINCRI CONJUNTO GRUPO OLAYA;Centro de Monitoreo;Delictivo
ROBO DE PERTENENCIAS;Centro de Monitoreo;Delictivo
RUIDOS MOLESTOS POR OBRAS;Centro de Monitoreo;Delictivo
INTENTO DE ATROPELLO;Centro de Monitoreo;Delictivo
RUIDOS MOLESTOS POR TRABAJO EN FABRICA;Centro de Monitoreo;Delictivo
INTERVENCION;Centro de Monitoreo;Delictivo
CAPTURA DE PRESUNTO DD.CC;Centro de Monitoreo;Delictivo
DETENCION DE PRESUNTO COMERCIALIZADOR DE DROGA;Centro de Monitoreo;Delictivo
OPERATIVO CONJUNTO PNP;Centro de Monitoreo;Delictivo
RUIDOS MOLESTOS POR TRABAJOS;Centro de Monitoreo;Delictivo
GRESCA CON ARMA BLANCA;Centro de Monitoreo;Delictivo
AMBULANTES INFORMALES;Centro de Monitoreo;Delictivo
RUIDOS MOLESTOS POR OBRAS / TRABAJOS;Centro de Monitoreo;Delictivo
RUIDOS MOLESTOS POR CONSTRUCCIÓN;Centro de Monitoreo;Delictivo
AGRESIÓN A PERSONAL DE SERENAZGO;Centro de Monitoreo;Delictivo
AGRESIÓN A FÉMINAS;Centro de Monitoreo;Delictivo
OPERATIVO EN CONJUNTO ENTRE SERENAZGO, FISCALIZACION,PNP Y MOVILIDAD URBANA;Centro de Monitoreo;Delictivo
OPERATIVO MUNICIPAL BRIGAADAA CANINA;Centro de Monitoreo;Delictivo
HURTO DE DISPOSITIVO MÓVIL;Centro de Monitoreo;Delictivo
OPERATIVO CONJUNTO PNP-SERENAZGO-BRIGADA CANINA-MOVILIDAD URBANA;Centro de Monitoreo;Delictivo
HERIDO POR ATROPELLO;Centro de Monitoreo;Delictivo
HURTO DE BICICLETA;Centro de Monitoreo;Delictivo
OPERATIVO CONJUNTO PNP - ESCUADRON VERDE - ZONA SUR Y GERENCIA DE SEGURIDAD CIUDADANA;Centro de Monitoreo;Delictivo
RUIDOS MOLESTOS POR OBRAS / TRABAJOS;Centro de Monitoreo;Delictivo
HCP ROBO;Centro de Monitoreo;Delictivo
ROBO DE COMPUTADORA DE UN VEHICULO;Centro de Monitoreo;Delictivo
REPORTA RUIDOS MOLESTOS POR TRABAJOS;Centro de Monitoreo;Delictivo
OPERATIVO CONJUNTO PNP;Centro de Monitoreo;Delictivo
ATROPELLO;Centro de Monitoreo;Delictivo
RUIDOS MOLESTOS POR OBRAS / TRABAJOS;Centro de Monitoreo;Delictivo
RUIDOS MOLESTOS POR OBRAS / TRABAJO;Centro de Monitoreo;Delictivo
RUIDOS MOLESTOS POR TRABAJOS;Centro de Monitoreo;Delictivo
ROBO;Centro de Monitoreo;Delictivo
RUIDOS MOLESTOS POR POSIBLE TALLER CLANDESTINO;Centro de Monitoreo;Delictivo
HCP ROBO;Centro de Monitoreo;Delictivo
RUIDOS MOLESTOS POR CONSTRUCCIÓN;Centro de Monitoreo;Delictivo
TIPO: AMBULANTES EN VIA PUBLICA DENOMINACION: AMBULANTES EN VIA PUBLICA;Centro de Monitoreo;Delictivo
TIPO: AMBULANTES EN VIA PUBLICA DENOMINACION: AMBULANTES EN VIA PUBLICA;Centro de Monitoreo;Delictivo
TIPO: AMBULANTES EN VIA PUBLICA DENOMINACION: AMBULANTES EN VIA PUBLICA;Centro de Monitoreo;Delictivo
VENTA AMBULATORIA;Centro de Monitoreo;Delictivo
OPERATIVO CONJUNTO GERENCIA DE SEGURIDAD CIUDADANA CHORRILLOS Y ESCUADRON VERDE PNP ZONA SUR;Centro de Monitoreo;Delictivo
OCCISO;Centro de Monitoreo;Delictivo
ARREBATO DE DISPOSITIVO MÓVIL EN CALLE ;Centro de Monitoreo;Delictivo
CONJUNTO CON COMISARIA DE MATEO PUMACAHUA;Centro de Monitoreo;Delictivo
EN CIRCUNSTANCIAS DE QUE EL GRUPO EMIR SE ENCONTRABA REALIZANDO PATRULLAJE A PIE POR EL MALECON JUSTIN, LOGRA VISUALIZA A UN COMERCIANTE QUE INDICABA HABER SIDO VICTIMA DE HURTO;Centro de Monitoreo;Delictivo
COMERCIO AMBULATORIO;Centro de Monitoreo;Delictivo
COMERCIO AMBULATORIO;Centro de Monitoreo;Delictivo
CAPTURA DE DDCC / ARRESTO CIUDADANO;Centro de Monitoreo;Delictivo
TIPO: AMBULANTES EN VIA PUBLICA DENOMINACION: AMBULANTES EN VIA PUBLICA;Centro de Monitoreo;Delictivo
TIPO: RUIDOS MOLESTOS POR OBRAS / TRABAJOS DENOMINACION: RUIDOS MOLESTOS POR OBRAS / TRABAJOS;Centro de Monitoreo;Delictivo
FRUSTRACION DE ROBO / A PERSONA;Centro de Monitoreo;Delictivo
RUIDOS MOLESTOS POR OBRAS / TRABAJOS;Centro de Monitoreo;Delictivo
ROBO A TAXISTA;Centro de Monitoreo;Delictivo
RUIDOS MOLESTOS POR TRABAJOS;Centro de Monitoreo;Delictivo
ATROPELLO A MENOR DE EDAD;Centro de Monitoreo;Delictivo
OPERATIVO CONJUNTO CON ESCUADRON VERDE PNP ;Centro de Monitoreo;Delictivo
LIMPIAPARABRISAS;Centro de Monitoreo;Delictivo
ROBO DE VEHÍCULO MENOR - MODALIDAD FALSO PASAJERO;Centro de Monitoreo;Delictivo
COMERCIO AMBULATORIO;Centro de Monitoreo;Delictivo
RUIDOS MOLESTOS POR MAQUINAS DE SOLDADURAS;Centro de Monitoreo;Delictivo
CAPTURA DE DDCC / ARRESTO CIUDADANO;Centro de Monitoreo;Delictivo
DAÑOS AL PATRIMONIO,;Centro de Monitoreo;Delictivo
GERENCIA DE SEGURIDAD CIUDADANA DE CHORRILLOS Y ESCUADRON VERDE DE LA PNP ZONA SUR;Centro de Monitoreo;Delictivo
SUJETOS INVADIERON PREDIO DE UN CONTRIBUYENTE;Centro de Monitoreo;Delictivo
OPERATIVO CONJUNTO PNP - ESCUADRON VERDE ZONA SUR Y GERENCIA CIUDADANA;Centro de Monitoreo;Delictivo
PATRULLAJE MUNICIPAL BRIGADA CANINA;Centro de Monitoreo;Delictivo
AMBULANTES EN VIA PUBLICA;Centro de Monitoreo;Delictivo
PATRULLAJE MUNICIPAL CANINO K-9;Centro de Monitoreo;Delictivo
HURTO;Centro de Monitoreo;Delictivo
HURTO A PERSONAS (CELULARES. MOCHILAS, RELOJES, OTROS);Centro de Monitoreo;Delictivo
OPERATIVO  CONJUNTO PNP - ESCUADRON VERDE - SECTOR N°4;Centro de Monitoreo;Delictivo
OPERATIVO CONJUNTO PNP;Centro de Monitoreo;Delictivo
SE RECIBE LA COMUNICACION RADIAL DEL AGENTE DE SERENAZGO BLAS VERA QUE SE ENCONTRABA EN EL INGRESO DE HERRADURA, MISMO QUE INFORMA QUE HABRIA SIDO HERIDO EN EL PIE POR UNA MOTO TORITO QUE HIZO CASO OMISO A LAS INDICACIONES DEL AGENTE.;Centro de Monitoreo;Delictivo
OPERATIVO EN CONJUNTO CON UNIDADES ESPECIALIZADAS PNP  SECTOR 3;Centro de Monitoreo;Delictivo
ROBO DE AUTOPARTES / ACCESORIOS;Centro de Monitoreo;Delictivo
PATRULLAJE MUNICIPAL - BRIGADA CANINA (GRUPO 2);Centro de Monitoreo;Delictivo
RUIDOS MOLESTOS POR OBRAS;Centro de Monitoreo;Delictivo
RUIDOS MOLESTOS POR OBRAS / TRABAJOS;Centro de Monitoreo;Delictivo
RUIDOS MOLESTOS;Centro de Monitoreo;Delictivo
CAPTURA DE DDCC / ARRESTO CIUDADANO;Centro de Monitoreo;Delictivo
PATRULLAJE MUNICIPAL GRUPO 2;Centro de Monitoreo;Delictivo
OPERATIVO EN CONJUNTO ESCUADRON VERDE, PNP, SERENAZGO, EMIR Y OLAYA;Centro de Monitoreo;Delictivo
AMBULANTES EN VIA PUBLICA;Centro de Monitoreo;Delictivo
COMERCIO AMBULATORIO;Centro de Monitoreo;Delictivo
OP: KENDRIC BARBOZA - PRESUNTA MICROCOMERCIALIZACION DE DROGAS;Centro de Monitoreo;Delictivo
TIPO: AMBULANTES EN VIA PUBLICA DENOMINACIÓN: AMBULANTES EN VIA PUBLICA;Centro de Monitoreo;Delictivo
TIPO: AMBULANTES EN VIA PUBLICA DENOMINACIÓN: AMBULANTES EN VIA PUBLICA;Centro de Monitoreo;Delictivo
OPERATIVO CONJUNTO PNP;Centro de Monitoreo;Delictivo
PATRULLAJE MUNICIPAL;Centro de Monitoreo;Delictivo
ATROPELLO A CICLISTA CON DAÑOS PERSONALES Y MATERIALES;Centro de Monitoreo;Delictivo
MENOR DE EDAD HERIDO POR ATROPELLO;Centro de Monitoreo;Delictivo
CONJUNTO;Centro de Monitoreo;Delictivo
CAPTURA DE DDCC / APOYO POLICIAL A PRESUNTO MICRO COMERCIALIZACIÓN DE ESTUPEFACIENTES ;Centro de Monitoreo;Delictivo
AGRESION A PERSONAL DE SERENAZGO CON LESIONES SUPERFICIALES;Centro de Monitoreo;Delictivo
OPERATIVOS EN CONJUTO CON LA PNP;Centro de Monitoreo;Delictivo
RUIDOS MOLESTOS POR OBRAS / TRABAJOS;Centro de Monitoreo;Delictivo
HURTO DE CATERIANAS;Centro de Monitoreo;Delictivo
RUIDOS MOLESTOS POR TRABAJOS;Centro de Monitoreo;Delictivo
COMERCIO AMBULATORIO;Centro de Monitoreo;Delictivo
TIPO: AMBULANTES EN VIA PUBLICA DENOMINACIÓN: AMBULANTES EN VIA PUBLICA;Centro de Monitoreo;Delictivo
AMBULANTES EN VIA PUBLICA;Centro de Monitoreo;Delictivo
RUIDOS MOLESTOS POR OBRAS / TRABAJOS;Centro de Monitoreo;Delictivo
HURTO A PERSONA (CELULAR);Centro de Monitoreo;Delictivo
ROBO DE AUTOPARTES Y DOCUMENTOS;Centro de Monitoreo;Delictivo
PATRULLAJE INTEGRADO/INCONCLUSO -  SECTOR 05;Centro de Monitoreo;No Delictivo
ARROJO DE RESIDUOS SOLIDOS;Centro de Monitoreo;No Delictivo
CAMPEONATO DE BARRISTAS;Centro de Monitoreo;No Delictivo
ARROJO DE RESIDUOS SOLIDOS;Centro de Monitoreo;No Delictivo
Apoyo a sangenaro se brinda recomendaciones a comercio ambulatorio;Serenazgo ;No Delictivo
BARRA BRAVA;Centro de Monitoreo;No Delictivo
ERRADICACION DE SUJETOS EN CONSUMO DE BEBIDAS ALCOHOLICAS;Centro de Monitoreo;No Delictivo
BASURA;Centro de Monitoreo;No Delictivo
ERRADICACION DE SUJETOS EN CONSUMO DE BEBIDAS ALCOHOLICAS;Centro de Monitoreo;No Delictivo
PATRULLAJE INTEGRADO DELTA N° 27;Centro de Monitoreo;No Delictivo
ERRADICACION DE SUJETOS EN CONSUMO DE BEBIDAS ALCOHOLICAS.;Centro de Monitoreo;No Delictivo
MUEBLE;Centro de Monitoreo;No Delictivo
RESIDUOS SOLIDOS;Centro de Monitoreo;No Delictivo
ERRADICAR SUJETOS TOMANDO LICOR. ;Centro de Monitoreo;No Delictivo
IMPACTÓ MUNICIPAL SAN GENARO;Centro de Monitoreo;No Delictivo
CATERIANAS CAIDAS;Centro de Monitoreo;No Delictivo
PODA DE ARBOL;Centro de Monitoreo;No Delictivo
MALEZA;Centro de Monitoreo;No Delictivo
RESGUARDO DEL BOSQUE ENCANTADO DE FATIMA;Centro de Monitoreo;No Delictivo
RESIDUOS SOLIDOS;Centro de Monitoreo;No Delictivo
RUIDOS POR MUSICA;Centro de Monitoreo;No Delictivo
ARROJO DE RESIDUOS SOLIDOS;Centro de Monitoreo;No Delictivo
CONSUMO DE LICOR EN LA VIA PUBLICA;Centro de Monitoreo;No Delictivo
INFORMACION DEL SERVICIO;Centro de Monitoreo;No Delictivo
RESIDUOS SOLIDOS;Centro de Monitoreo;No Delictivo
02 CAMARAS INOPERATIVAS Y 01 CAMARA ESTATICA;Centro de Monitoreo;No Delictivo
RESGUARDO;Centro de Monitoreo;No Delictivo
TOLDO;Centro de Monitoreo;No Delictivo
CAMARA INOPERATIVA;Centro de Monitoreo;No Delictivo
CONSUMO DE LICOR;Centro de Monitoreo;No Delictivo
HURTO;Centro de Monitoreo;No Delictivo
“IMPACTO VISUAL- SAN GENARO”;Centro de Monitoreo;No Delictivo
CATERIANA EN MAL ESTADO;Centro de Monitoreo;No Delictivo
PRECENSIA DE BARRISTAS;Centro de Monitoreo;No Delictivo
RUIDOS POR FIESTA EN LA VIA PUBLICA;Centro de Monitoreo;No Delictivo
CONSUMO DE LICOR;Centro de Monitoreo;No Delictivo
CLONACION DE TARJETA;Centro de Monitoreo;No Delictivo
RUIDOS POR MUSICA;Centro de Monitoreo;No Delictivo
CHOQUE VEHICULAR / DAÑOS MATERIALES Y PERSONALES;Centro de Monitoreo;No Delictivo
OPERATIVO BRIGADA CANINA;Centro de Monitoreo;No Delictivo
OPERATIVO CONJUNTO CON UNIDADES ESPECIALES PNP;Centro de Monitoreo;No Delictivo
RESGUARDO AL PARQUE ARMATAMBO (BRIGADA CANINA);Centro de Monitoreo;No Delictivo
COMERCIO AMBULATORIO (PANES Y CHURROS);Centro de Monitoreo;No Delictivo
DD;Centro de Monitoreo;No Delictivo
MANIFESTACION;Centro de Monitoreo;No Delictivo
OPERATIVO MATELLINI SEGURO;Centro de Monitoreo;No Delictivo
PATRULLAJE POR PLAYA AGUA DULCE DEL DRON;Centro de Monitoreo;No Delictivo
INTEGRADO SECTOR 2;Centro de Monitoreo;No Delictivo
INTEGRADO SECTOR 5;Centro de Monitoreo;No Delictivo
DESMONTE EN LA VIA PUBLICA;Centro de Monitoreo;No Delictivo
PANDILLAJE Y BARRAS BRAVAS;Centro de Monitoreo;No Delictivo
RUIDOS POR MUSICA;Centro de Monitoreo;No Delictivo
RISIDUOS SOLIDOS;Centro de Monitoreo;No Delictivo
ARROJO DESMONTE;Centro de Monitoreo;No Delictivo
DESMONTE;Centro de Monitoreo;No Delictivo
CIUDADANO REPORTA LIBADORES;Centro de Monitoreo;No Delictivo
PRESUNTO CONSUMO DE SUSTANCIAS TOXICAS;Centro de Monitoreo;No Delictivo
RESGUARDO;Centro de Monitoreo;No Delictivo
CHOQUE;Centro de Monitoreo;No Delictivo
DESPISTE;Centro de Monitoreo;No Delictivo
PATRULLAJE INTEGRADO INCONCLUSO;Centro de Monitoreo;No Delictivo
ENTREVISTA DE PRENSA A FAMILIA DE PRESUNTAMENTE AHOGADO EN PLAYA AGUA DULCE;Centro de Monitoreo;No Delictivo
OPERATIVO IMPACTO SECTOR 05;Centro de Monitoreo;No Delictivo
RESIDUOS SOLIDOS;Centro de Monitoreo;No Delictivo
COMERCIO AMBULATORIO;Centro de Monitoreo;No Delictivo
FISCALIZACION ERRADICANDO CONSUMO DE BEBIDAS ALCOHOLICAS Y COMERCIO AMBULATORIO (HELADOS);Centro de Monitoreo;No Delictivo
CARPA ROJA;Centro de Monitoreo;No Delictivo
HCVCS AGRESIONES FISICAS Y/O PSICOLOGICAS;Centro de Monitoreo;No Delictivo
INFORMACIÓN DEL SERVICIO / PERSONA DESCOMPENSADA;Centro de Monitoreo;No Delictivo
SUJETO EN ACTITUD SOSPECHOSA;Centro de Monitoreo;No Delictivo
INFORMACION DEL SERVICIO/ INTENTO DE AGRESION A MENOR;Centro de Monitoreo;No Delictivo
ROTURA DE VENTANA;Centro de Monitoreo;No Delictivo
PATRULLAJE INTEGRADO INCONCLUSO;Centro de Monitoreo;No Delictivo
CONSIGNA PARQUE FATIMA;Centro de Monitoreo;No Delictivo
ANIEGO;Centro de Monitoreo;No Delictivo
REPORTAN ARROJO DE DESMONTE;Centro de Monitoreo;No Delictivo
INFORMACION DEL SERVICIO;Centro de Monitoreo;No Delictivo
PATRULLAJE INCINCLUSO;Centro de Monitoreo;No Delictivo
REPORTAN VEHICULO MAL ESTACIONADO;Centro de Monitoreo;No Delictivo
ERRADICACION DE CARPAS;Centro de Monitoreo;No Delictivo
OBSTRUCCION DE LA VIA PUBLICA;Centro de Monitoreo;No Delictivo
COMERCIO AMBULATORIO;Centro de Monitoreo;No Delictivo
BASURA;Centro de Monitoreo;No Delictivo
SE INICIA PATRULLAJE INTEGRADO // DELTA 34;Centro de Monitoreo;No Delictivo
FALLA DE MONITOREO;Centro de Monitoreo;No Delictivo
PEGA DE AFICHES;Centro de Monitoreo;No Delictivo
OPERADOR-ROSAS;Centro de Monitoreo;No Delictivo
RUIDOS MOLESTOS POR CONSTRUCCION;Centro de Monitoreo;No Delictivo
RESGUARDO TOPOGRAFO;Centro de Monitoreo;No Delictivo
REPORTAN CONSUMO DE LICOR EN LA VIA PUBLICA;Centro de Monitoreo;No Delictivo
PERSONA DESCOMPENSADA;Centro de Monitoreo;No Delictivo
TOLDO;Centro de Monitoreo;No Delictivo
DESPRENDIMIENTO DE UNA REJA DE SEGURIDAD HIRIENDO A 02 CIUDADANOS;Centro de Monitoreo;No Delictivo
BEBIDAS ALCOHOLICAS;Centro de Monitoreo;No Delictivo
TOLDO EN VIA PUBLICA;Centro de Monitoreo;No Delictivo
RUIDOS POR MUSICA;Centro de Monitoreo;No Delictivo
CONSUMO DE BEBIDAS ALCOHOLICAS;Centro de Monitoreo;No Delictivo
COMERCIO AMBULATORIO;Centro de Monitoreo;No Delictivo
DESMONTE;Centro de Monitoreo;No Delictivo
DESMONTE;Centro de Monitoreo;No Delictivo
DESMONTE;Centro de Monitoreo;No Delictivo
BEBIDAS ALCOHOLICAS;Centro de Monitoreo;No Delictivo
AUTO EN LA VIA;Centro de Monitoreo;No Delictivo
PARQUE ARMATAMBO;Centro de Monitoreo;No Delictivo
BEBIDAS ALCOHOLICAS;Centro de Monitoreo;No Delictivo
DESMONTE;Centro de Monitoreo;No Delictivo
BEBIDAS ALCOHOLICAS;Centro de Monitoreo;No Delictivo
BEBIDAS ALCOHOLICAS;Centro de Monitoreo;No Delictivo
CAMARA INOPERATIVA;Centro de Monitoreo;No Delictivo
RUIDOS MOLESTOS;Centro de Monitoreo;No Delictivo
SE VISUALIZA POR CAMARAS UN GRUPO DE PERSONAS EN CONSUMO DE LICOR CAM EN CALLE LOS GALENOS CON AV EL SOL;Centro de Monitoreo;No Delictivo
OPERATIVO ESCUADRÓN VERDE;Centro de Monitoreo;No Delictivo
RUIDOS MOLESTOS;Centro de Monitoreo;No Delictivo
ERRADICACION DE CARPAS;Centro de Monitoreo;No Delictivo
CONSUMO DE LICOR EN LA VIA PUBLICA O INTERIOR DE VEHICULO;Centro de Monitoreo;No Delictivo
CATERIANAS CAIDAS;Centro de Monitoreo;No Delictivo
DESMONTE;Centro de Monitoreo;No Delictivo
DESMONTE;Centro de Monitoreo;No Delictivo
SE RECIBE LLAMADA TELEFONICA INDICANDO RUIDOS MOLESTOS POR MUSICA EN LA CUADRA 4 DE LOS PUMAS;Centro de Monitoreo;No Delictivo
RUIDOS POR MUSICA;Centro de Monitoreo;No Delictivo
RESGUARDO SAMOA;Centro de Monitoreo;No Delictivo
DESMONTE;Centro de Monitoreo;No Delictivo
SS;Centro de Monitoreo;No Delictivo
ARROJO DE BASURA, DESMONTE Y/O MALEZA;Centro de Monitoreo;No Delictivo
GG;Centro de Monitoreo;No Delictivo
PODA DE ARBOLES Y JARDINES;Centro de Monitoreo;No Delictivo
ARROJO DE BASURA, DESMONTE Y/O MALEZA;Centro de Monitoreo;No Delictivo
CONSUMO DE LICOR EN LA VIA PUBLICA O INTERIOR DE VEHICULO;Centro de Monitoreo;No Delictivo
CATERIANAS MAL ESTADO;Centro de Monitoreo;No Delictivo
APOYO A LA CONSIGNA PARQUE FATIMA;Centro de Monitoreo;No Delictivo
ARROJO DE BASURA, DESMONTE Y/O MALEZA;Centro de Monitoreo;No Delictivo
OPERADOR - ROSAS;Centro de Monitoreo;No Delictivo
REPORTAN 6 PERSONAS EN PARQUE REALIZANDO RUIDOS MOLESTOS Y AGREDIENDO AL GUARDIAN;Centro de Monitoreo;No Delictivo
CAMARA INOPERATIVA;Centro de Monitoreo;No Delictivo
RUIDOS MOLESTOS POR MUSICA EN CALLE LOS GORRIONES 466;Centro de Monitoreo;No Delictivo
SE RECINE LLAMADA DE VECINO INDICANDO RUIDOS MOLESTOS POR MUSICA;Centro de Monitoreo;No Delictivo
AGRECION;Centro de Monitoreo;No Delictivo
SE OBSERVA POR CAMARA PERSONAS EN CONSUMO FRENTE AL COLEGIO SANTA ROSA;Centro de Monitoreo;No Delictivo
HERIDO POR CAIDA;Centro de Monitoreo;No Delictivo
SE VISUALIZA 20 BOLSAS DE ESCOMBROS POR CAMARAS AL FRENTE DEL COLEGIO SANTA ROSA;Centro de Monitoreo;No Delictivo
OPERADOR - ROSAS;Centro de Monitoreo;No Delictivo
SE RECIBE COMUNICACION VIA TELEFONICA DE VECINA INDICANDO RUIDOS MOLESTOS POR MUSICA EN LA CUADRA 1 DE CALLE MAL ABRIGO;Centro de Monitoreo;No Delictivo
VEHICULO ABANDONADO;Centro de Monitoreo;No Delictivo
CONSIGNA PARQUE FATIMA;Centro de Monitoreo;No Delictivo
OPERATIVO EN CONJUNTO CON ALCALDIA;Centro de Monitoreo;No Delictivo
THJJJB;Centro de Monitoreo;No Delictivo
EMERGENCIA BOMBEROS RESCATE;Centro de Monitoreo;No Delictivo
RESCATE DE FELINO;Centro de Monitoreo;No Delictivo
SUPUESTA AGRESION A FEMINA;Centro de Monitoreo;No Delictivo
OPERADOR - ROSAS;Centro de Monitoreo;No Delictivo
DASD;Centro de Monitoreo;No Delictivo
REPORTAR RUIDOS MOLESTOS EN AUTO;Centro de Monitoreo;No Delictivo
CONSUMO DE LICOR EN LA VIA PUBLICA;Centro de Monitoreo;No Delictivo
ARMATAMN O;Centro de Monitoreo;No Delictivo
AMBULANTES AGRESIVOS;Centro de Monitoreo;No Delictivo
PERSONA ALTERANDO EL ORDEN PUBLICO;Centro de Monitoreo;No Delictivo
DESMONTE;Centro de Monitoreo;No Delictivo
RUIDOS POR MUSICA;Centro de Monitoreo;No Delictivo
ARROJO DE MALEZA;Centro de Monitoreo;No Delictivo
Prueba x;Centro de Monitoreo;No Delictivo
RUIDOS POR MUSICA;Centro de Monitoreo;No Delictivo
AUXILIO EN FUGA DE GAS;Centro de Monitoreo;No Delictivo
OPERATIVO SERENAZGO IMPACTO SAN GENARO;Centro de Monitoreo;No Delictivo
DESMONTE;Centro de Monitoreo;No Delictivo
DESMONTE;Centro de Monitoreo;No Delictivo
DD;Centro de Monitoreo;No Delictivo
CONSUMO DE LICOR EN VIA PUBLICA;Centro de Monitoreo;No Delictivo
TH;Centro de Monitoreo;No Delictivo
DESCOMPENSADO;Centro de Monitoreo;No Delictivo
AGRESION FISICA;Centro de Monitoreo;No Delictivo
CAMARAS INOPERATIVAS;Centro de Monitoreo;No Delictivo
OPERATIVO DE SERENAZGO;Centro de Monitoreo;No Delictivo
FALLA DE CAMARA DE VIGILANCIA;Centro de Monitoreo;No Delictivo
FF;Centro de Monitoreo;No Delictivo
ARROJO DE BASURA, DESMONTE Y/O MALEZA;Centro de Monitoreo;No Delictivo
APOYO A VECINO;Centro de Monitoreo;No Delictivo
ERRADICACION DE CARPAS;Centro de Monitoreo;No Delictivo
FALLA DE MONITOREO;Centro de Monitoreo;No Delictivo
CONSUMO DE LICOR EN LA VIA PUBLICA O INTERIOR DE VEHICULO;Centro de Monitoreo;No Delictivo
CONSUMO DE LICOR EN LA VIA PUBLICA O INTERIOR DE VEHICULO;Centro de Monitoreo;No Delictivo
CAMARA DESASEADA;Centro de Monitoreo;No Delictivo
ARROJO DE BASURA, DESMONTE Y/O MALEZA;Centro de Monitoreo;No Delictivo
RESIDUOS SOLIDOS;Centro de Monitoreo;No Delictivo
ARROJO DE MALEZA;Centro de Monitoreo;No Delictivo
COMERCIO AMBULATORIO;Centro de Monitoreo;No Delictivo
RESIDUOS SOLIDOS;Centro de Monitoreo;No Delictivo
APOYO CONSIGNA ARMATAMBO;Centro de Monitoreo;No Delictivo
RESIDUOS SOLIDOS;Centro de Monitoreo;No Delictivo
HERIDO POR CAIDA;Centro de Monitoreo;No Delictivo
APOYO CONSIGNA PARQUE FATIMA;Centro de Monitoreo;No Delictivo
MATELLINI SEGURO;Centro de Monitoreo;No Delictivo
OPERATIVO BRIGADA CANINA;Centro de Monitoreo;No Delictivo
CHOQUE VEHICULAR;Centro de Monitoreo;No Delictivo
PARQUEADORES INFORMALES;Centro de Monitoreo;No Delictivo
DFDF;Centro de Monitoreo;No Delictivo
DESMONTE;Centro de Monitoreo;No Delictivo
MALEZA;Centro de Monitoreo;No Delictivo
EE;Centro de Monitoreo;No Delictivo
ARROJO DE DESMONTE;Centro de Monitoreo;No Delictivo
FAROLAS INOPERATIVAS;Centro de Monitoreo;No Delictivo
DD;Centro de Monitoreo;No Delictivo
OP-JULIA ESPINOZA-CATERIANA CAIDA;Centro de Monitoreo;No Delictivo
RESIDUOS SOLIDOS;Centro de Monitoreo;No Delictivo
CATERIANA EN MAL ESTADO;Centro de Monitoreo;No Delictivo
RESIDUOS SOLIDOS;Centro de Monitoreo;No Delictivo
SE VISUALIZA POR CAMARA 4 BOLSAS DE MALEZA;Centro de Monitoreo;No Delictivo
CATERIANA EN MAL ESTADO;Centro de Monitoreo;No Delictivo
ARROJO DE BASURA, DESMONTE Y/O MALEZA;Centro de Monitoreo;No Delictivo
DESMONTE;Centro de Monitoreo;No Delictivo
RESIDUOS SOLIDOS;Centro de Monitoreo;No Delictivo
INFORMACION DEL SERVICIO;Centro de Monitoreo;No Delictivo
MALEZA;Centro de Monitoreo;No Delictivo
DESMONTE;Centro de Monitoreo;No Delictivo
ALERTA DEL APLICATIVO DE BOTON DE PANICO CORTE SUPERIOR DE JUSTICIA LIMA SUR;Centro de Monitoreo;No Delictivo
BEBIDAS ALCOHOLICAS;Centro de Monitoreo;No Delictivo
COMERCIO AMBULATORIO;Centro de Monitoreo;No Delictivo
INFORMACION DEL SERVICIO;Centro de Monitoreo;No Delictivo
OPERATIVO MATELLINI SEGURO;Centro de Monitoreo;No Delictivo
INFORMACION DEL SERVICIO;Centro de Monitoreo;No Delictivo
ARROJO DE BASURA, DESMONTE Y/O MALEZA;Centro de Monitoreo;No Delictivo
DESMONTE;Centro de Monitoreo;No Delictivo
FALLA DE CAMARA DE VIGILANCIA;Centro de Monitoreo;No Delictivo
MALEZA EN VIA PUBLICA;Centro de Monitoreo;No Delictivo
PATRULLAJE INTEGRADO;Centro de Monitoreo;No Delictivo
DESMONTE DE ROPERO;Centro de Monitoreo;No Delictivo
DESMONTE;Centro de Monitoreo;No Delictivo
DESPITE MOTO LINEAL;Centro de Monitoreo;No Delictivo
DESMONTE;Centro de Monitoreo;No Delictivo
BASURA Y DESMONTE;Centro de Monitoreo;No Delictivo
BASURA DESMONTE;Centro de Monitoreo;No Delictivo
DDD;Centro de Monitoreo;No Delictivo
KK;Centro de Monitoreo;No Delictivo
ARROJO DE BASURA;Centro de Monitoreo;No Delictivo
FALLA DE CAMARA DE VIGILANCIA;Centro de Monitoreo;No Delictivo
DESMONTE EN LA VIA PUBLICA;Centro de Monitoreo;No Delictivo
TIPO: INFORMACION DEL SERVICIO DENOMINACION: CONSUMO DE TABACO (CIGARRO);Centro de Monitoreo;No Delictivo
OPERATIVO Y RESGUARDO DEL PARQUE ARMATAMBO;Centro de Monitoreo;No Delictivo
BASURA Y ARROJO DE MALEZA;Centro de Monitoreo;No Delictivo
PRESUNTA AGRESION A FEMINA;Centro de Monitoreo;No Delictivo
BASURA CON DESMONTE Y MALEZA;Centro de Monitoreo;No Delictivo
CONSUMO DE LICOR EN VIA PUBLICA;Centro de Monitoreo;No Delictivo
CONSUMO DE LICOR EN LA VIA PUBLICA;Centro de Monitoreo;No Delictivo
DDDD;Centro de Monitoreo;No Delictivo
CONSUMO DE LICOR EN LA VIA PUBLICA;Centro de Monitoreo;No Delictivo
SS;Centro de Monitoreo;No Delictivo
HH;Centro de Monitoreo;No Delictivo
HH;Centro de Monitoreo;No Delictivo
ESCUADRON VERDE;Centro de Monitoreo;No Delictivo
DESMONTE;Centro de Monitoreo;No Delictivo
MALEZA;Centro de Monitoreo;No Delictivo
RUIDOS MOLESTO;Centro de Monitoreo;No Delictivo
OPERATIVO SERENAZGO MATELLINI SEGURO;Centro de Monitoreo;No Delictivo
BASURA Y DESMONTE;Centro de Monitoreo;No Delictivo
CONSIGNA PARQUE FATIMA;Centro de Monitoreo;No Delictivo
BASURA CON MALEZA;Centro de Monitoreo;No Delictivo
INFORMACION DEL SERVICIO;Centro de Monitoreo;No Delictivo
RESIDUOS;Centro de Monitoreo;No Delictivo
APOYO CONSIGNA ARMATAMBO;Centro de Monitoreo;No Delictivo
BASURA CON MALEZA;Centro de Monitoreo;No Delictivo
SDSD;Centro de Monitoreo;No Delictivo
OP JULIA ESPINOZA-RESIDUOS SOLIDOS EN VIA PUBLICA;Centro de Monitoreo;No Delictivo
TIPO: ARROJO DE BASURA, DESMONTE Y/O MALEZA DENOMINACION: ARROJO DE DEMSONTE Y RESIDUOS SOLIDOS;Centro de Monitoreo;No Delictivo
RESGUARDO PQ. ARMATAMBO;Centro de Monitoreo;No Delictivo
TIPO: INFORMACION DEL SERVICIO DENOMINACION: SOLICITA REGADO DE AREAS VERDES;Centro de Monitoreo;No Delictivo
ARROJO DE BASURA;Centro de Monitoreo;No Delictivo
TIPO: RUIDOS POR TRABAJOS EN VIVIENDAS DENOMINACION: RUIDOS POR TRABAJOS EN VIVIENDAS;Centro de Monitoreo;No Delictivo
TIPO: VEHICULOS MAL ESTACIONADOS DENOMINACION: CAMION DE ABASTECIMIENTO ESTACIONADO ZONA RIGIDA;Centro de Monitoreo;No Delictivo
DESMONTE;Centro de Monitoreo;No Delictivo
TIPO: CONSUMO DE LICOR EN LA VIA PUBLICA O INTERIOR DE VEHICULO DENOMINACION: CONSUMO DE LICOR EN LA VIA PUBLICA;Centro de Monitoreo;No Delictivo
BASURA CON DESMONTE;Centro de Monitoreo;No Delictivo
RESIDUOS SOLIDOS;Centro de Monitoreo;No Delictivo
BASURA CON MALEZA;Centro de Monitoreo;No Delictivo
CAMARA CAIDA;Centro de Monitoreo;No Delictivo
PATRULLAJE INTEGRADO/INCONCLUSO - D34;Centro de Monitoreo;No Delictivo
BEBIDAS ALCOHOLICAS;Centro de Monitoreo;No Delictivo
OPERATIVO IMPACTO SAN GENARO;Centro de Monitoreo;No Delictivo
RUIDOS MOLESTOS POR FABRICA MOVIENDO COSAS, ENTRANDO Y SALIENDO VEHICULOS;Centro de Monitoreo;No Delictivo
OP: KENDRIC BARBOZA - OPERATIVO CONJUNTO PNP - ESCUADRON VERDE ZONA SUR Y GERENCIA DE SEGURIDAD CIUDADANA;Centro de Monitoreo;No Delictivo
OP: KENDRIC BARBOZA - OPERATIVO CONSIGNA LOZA DEPORTIVA CALEDONIA;Centro de Monitoreo;No Delictivo
GRESCA DE PAREJA;Centro de Monitoreo;No Delictivo
INDIGENTE OCUPANDO Y MOLESTANDO PROPIEDAD PRIVADA;Centro de Monitoreo;No Delictivo
OP JULIA ESPINOZA-PRESUNTA GRESCA EN LOCAL COMERCIAL;Centro de Monitoreo;No Delictivo
OP JULIA ESPINOZA-DESMONTE EN VIA PUBLICA;Centro de Monitoreo;No Delictivo
OPERATIVO MATELLINI SEGURO;Centro de Monitoreo;No Delictivo
RESGUARDO BRIGADA CANINA PQ FATIMA;Centro de Monitoreo;No Delictivo
SUJETO INTERNADO EN EL HOSPITAL REBAGLIATEGUI;Centro de Monitoreo;No Delictivo
GRESCA;Centro de Monitoreo;No Delictivo
CONSUMO DE BEBIDAD ALCOHOLICAS;Centro de Monitoreo;No Delictivo
ADADA;Centro de Monitoreo;No Delictivo
OP JULIA ESPINOZA-PERSONAS BEBIENDO LICOR VIA PUBLICA;Centro de Monitoreo;No Delictivo
VISITA DE PRENSA;Centro de Monitoreo;No Delictivo
SEMAFORO INOPERATIVO;Centro de Monitoreo;No Delictivo
MOTO ES LLEVADA A LA CIA DE HUAYLAS PARA LA IDENTIFICACIÓN CORRESPONDIENTE;Centro de Monitoreo;No Delictivo
ORATE DORMITANTE;Centro de Monitoreo;No Delictivo
PATRULLAJE NO REALIZADO;Centro de Monitoreo;No Delictivo
INFORMACION DEL SERVICIO;Centro de Monitoreo;No Delictivo
COMERCIO AMBULATORIO;Centro de Monitoreo;No Delictivo
INTEGRADO UU.MM. N°29 CON LA COMISARIA DE MATEO PUMACAHUA;Centro de Monitoreo;No Delictivo
INFORMACION DEL SERVICIO;Centro de Monitoreo;No Delictivo
OPERATIVO SERENAZGO;Centro de Monitoreo;No Delictivo
RESGUARDO DEL BOSQUE ENCANTADO;Centro de Monitoreo;No Delictivo
02 CAMARAS INOPERATIVAS Y 01 CAMARA ESTATICA;Centro de Monitoreo;No Delictivo
RESGUARDO;Centro de Monitoreo;No Delictivo
RUIDO MOLESTO;Centro de Monitoreo;No Delictivo
NO SE REALIZO PATRULLAJE INTEGRADO;Centro de Monitoreo;No Delictivo
FALLA DE MONITOREO;Centro de Monitoreo;No Delictivo
SUJETOS EM CONSUMO;Centro de Monitoreo;No Delictivo
CONSUMO DE LICOR EN LA VIA PUBLICA;Centro de Monitoreo;No Delictivo
GRUPOS DE PERSONAS INGRESAN A LA LOZA DEPORTIVA(INFRAESTRUCTURA EN MAL ESTADO);Centro de Monitoreo;No Delictivo
MALEZA VERDE;Centro de Monitoreo;No Delictivo
BARRAS BRAVAS (CAMPEONATO);Centro de Monitoreo;No Delictivo
RESIDUOS SOLIDOS;Centro de Monitoreo;No Delictivo
RESIDUOS SOLIDOS;Centro de Monitoreo;No Delictivo
DESPISTE DE UNA MOTO LINEAL (02 HERIDOS);Centro de Monitoreo;No Delictivo
TTTT;Centro de Monitoreo;No Delictivo
ARROJO DE BASURA;Centro de Monitoreo;No Delictivo
HURTO;Centro de Monitoreo;No Delictivo
ARROJO DE BASURA;Centro de Monitoreo;No Delictivo
COMERCIO AMBULATORIO;Centro de Monitoreo;No Delictivo
ARROJO DE DESMONTE;Centro de Monitoreo;No Delictivo
DESMONTE;Centro de Monitoreo;No Delictivo
COMERCIO AMBULATORIO;Centro de Monitoreo;No Delictivo
SUJETO EN CONSUMO DE LICOR;Centro de Monitoreo;No Delictivo
RISIDUOS SOLIDOS;Centro de Monitoreo;No Delictivo
RUIDOS MOLESTOS POR MUSICA;Centro de Monitoreo;No Delictivo
F;Centro de Monitoreo;No Delictivo
RECUPERACION DE ESPACIOS PUBLICOS;Centro de Monitoreo;No Delictivo
SUJETO EN CONSUMO DE LICOR;Centro de Monitoreo;No Delictivo
CAMARA INOPERATIVA;Centro de Monitoreo;No Delictivo
DESMONTE;Centro de Monitoreo;No Delictivo
CONSUMO DE LICOR EN LA VIA PUBLICA;Centro de Monitoreo;No Delictivo
DESMONTE;Centro de Monitoreo;No Delictivo
FFF;Centro de Monitoreo;No Delictivo
DESMONTE;Centro de Monitoreo;No Delictivo
MALEZA VERDE;Centro de Monitoreo;No Delictivo
GRESCA;Centro de Monitoreo;No Delictivo
IMPACTO VISUAL;Centro de Monitoreo;No Delictivo
DESMONTE;Centro de Monitoreo;No Delictivo
OPERATIVO MATELLINI SEGURO;Centro de Monitoreo;No Delictivo
MENOR AHOGADO EN LA PLAYA AGUA DULCE;Centro de Monitoreo;No Delictivo
WDEW;Centro de Monitoreo;No Delictivo
OPERATIVO FISCALIA;Centro de Monitoreo;No Delictivo
OP: KENDRIC BARBOZA - CAMARA INOPERATIVA;Centro de Monitoreo;No Delictivo
ROBO (TANQUE DE AGUA);Centro de Monitoreo;No Delictivo
PATRULLAJE POR AGUA DULCE;Centro de Monitoreo;No Delictivo
BEBIDAS ALCOHOLICAS;Centro de Monitoreo;No Delictivo
RONDA POR CONCIERTO Y CONSUMO DE ALCOHOL;Centro de Monitoreo;No Delictivo
COMERCIO AMBULATORIO (TATUAJES, HELADOS Y ALGODONES DE AZUCAR);Centro de Monitoreo;No Delictivo
CARPA VERDE Y COMERCIO AMBULATORIO (CHURROS);Centro de Monitoreo;No Delictivo
JJ;Centro de Monitoreo;No Delictivo
RESGUARDO AL PARQUE ARMATAMBO (BRIGADA CANINA);Centro de Monitoreo;No Delictivo
INTEGRADO UU.MM. N°34 CON LA COMISARIA DE CHORRILLOS;Centro de Monitoreo;No Delictivo
INDIGENTE DIAMBULANDO;Centro de Monitoreo;No Delictivo
CHOQUE VEHICULAR / DAÑOS MATERIALES Y PERSONALES;Centro de Monitoreo;No Delictivo
ERRADICACION DE CARPAS;Centro de Monitoreo;No Delictivo
MALEZA;Centro de Monitoreo;No Delictivo
BEBIDAS ALCOHOLICAS;Centro de Monitoreo;No Delictivo
APOYO A VECINO;Centro de Monitoreo;No Delictivo
CHOQUE;Centro de Monitoreo;No Delictivo
APOYO A RESGUARDO SAMOA;Centro de Monitoreo;No Delictivo
RUIDOS MOLESTOS Y CONSUMO DE BEBIDAS // INDICA EL VECINO QUE ES UNA FIESTA;Centro de Monitoreo;No Delictivo
BEBIDAS ALCOHOLICAS;Centro de Monitoreo;No Delictivo
INFORMACION DEL SERVICIO;Centro de Monitoreo;No Delictivo
BEBIDAS ALCOHOLICAS;Centro de Monitoreo;No Delictivo
EDWDC;Centro de Monitoreo;No Delictivo
RUIDOS MOLESTOS MUSICA;Centro de Monitoreo;No Delictivo
FF;Centro de Monitoreo;No Delictivo
5;Centro de Monitoreo;No Delictivo
FALLA DE MONITOREO;Centro de Monitoreo;No Delictivo
INFORMACION DEL SERVICIO;Centro de Monitoreo;No Delictivo
FAROLA INOPERATIVA;Centro de Monitoreo;No Delictivo
ARROJO DE BASURA, DESMONTE Y/O MALEZA;Centro de Monitoreo;No Delictivo
SERVICIO;Centro de Monitoreo;No Delictivo
CATERIANAS MAL ESTADO;Centro de Monitoreo;No Delictivo
ANIEGO;Centro de Monitoreo;No Delictivo
ARROJO DE BASURA, DESMONTE Y/O MALEZA;Centro de Monitoreo;No Delictivo
REPORTAN PRESUNTO ROBO EN PROCESO;Centro de Monitoreo;No Delictivo
ARROJO DE BASURA, DESMONTE Y/O MALEZA;Centro de Monitoreo;No Delictivo
RESIUDOS SOLIDOS;Centro de Monitoreo;No Delictivo
EVENTO DE MUSICA;Centro de Monitoreo;No Delictivo
CÁMARA INOPERATIVA;Centro de Monitoreo;No Delictivo
DSDSA;Centro de Monitoreo;No Delictivo
RESIDUSO SOLIDOS;Centro de Monitoreo;No Delictivo
DESMONTE Y MALEZA EN LA VÍA PÚBLICA;Centro de Monitoreo;No Delictivo
RESIDUOS SOLIDOS;Centro de Monitoreo;No Delictivo
RESIDUOS SOLIDOS;Centro de Monitoreo;No Delictivo
RESIDUOS SOLIDOS CON DESMONTE;Centro de Monitoreo;No Delictivo
ACCIDENTE VEHICULAR;Centro de Monitoreo;No Delictivo
DESPISTE DE MOTO LINEAL;Centro de Monitoreo;No Delictivo
RESIDUOS SOLIDOS;Centro de Monitoreo;No Delictivo
VEHICULO EN ACTITUD SOSPECHOSO;Centro de Monitoreo;No Delictivo
CONSUMO DE LICOR EN LA VIA PUBLICA;Centro de Monitoreo;No Delictivo
RESIDUOS SOLIDOS;Centro de Monitoreo;No Delictivo
DESMONTE Y MALEZA EN LA VÍA PÚBLICA;Centro de Monitoreo;No Delictivo
OPER:KIMBERLYB - CAMARA INOPERATIVA;Centro de Monitoreo;No Delictivo
RUIDOS MOLESTOS POR FIESTA;Centro de Monitoreo;No Delictivo
D;Centro de Monitoreo;No Delictivo
CONSUMO DE ALCOHOL;Centro de Monitoreo;No Delictivo
UU;Centro de Monitoreo;No Delictivo
ARROJO DE BASURA, DESMONTE Y/O MALEZA;Centro de Monitoreo;No Delictivo
FALLA DE MONITOREO;Centro de Monitoreo;No Delictivo
MALEZA EN PARQUE;Centro de Monitoreo;No Delictivo
OPERATIVO Y RESGUARDO DEL PARQUE ARMATAMBO;Centro de Monitoreo;No Delictivo
CONSUMO DE LICOR EN LA VIA PUBLICA;Centro de Monitoreo;No Delictivo
INFORMACION DE SERVICIOS;Centro de Monitoreo;No Delictivo
DESMONTE EN LA VIA PUBLICA;Centro de Monitoreo;No Delictivo
H- 93 FIGUEROA FLORES;Centro de Monitoreo;No Delictivo
TIPO: INFORMACION DEL SERVICIO   DENOMINACIÓN: ERRADICACION DE COMERCIO AMBULATORIO ;Centro de Monitoreo;No Delictivo
OPERATIVO DE SERENAZGO DINAMICO;Centro de Monitoreo;No Delictivo
SDS;Centro de Monitoreo;No Delictivo
INFORMACION DEL SERVICIO;Centro de Monitoreo;No Delictivo
MALEZA;Centro de Monitoreo;No Delictivo
DESMONTE EN LA VIA PUBLICA;Centro de Monitoreo;No Delictivo
SUJETOS EN CONSUMO DE BEBIDAS ALCOHOLICAS;Centro de Monitoreo;No Delictivo
PLAN ESCUELA SEGURA SECTOR 2;Centro de Monitoreo;No Delictivo
HH;Centro de Monitoreo;No Delictivo
HH;Centro de Monitoreo;No Delictivo
RESIDUOS SOLIDOS;Centro de Monitoreo;No Delictivo
DESMONTE VIA PUBLICA;Centro de Monitoreo;No Delictivo
INFORMACION DEL SERVICIO;Centro de Monitoreo;No Delictivo
SUJETOS EN CONSUMO DE BEBIDAS ALCOHOLICAS;Centro de Monitoreo;No Delictivo
RESIDUOS SOLIDOS;Centro de Monitoreo;No Delictivo
ARROJO DE MALEZA;Centro de Monitoreo;No Delictivo
SS;Centro de Monitoreo;No Delictivo
OPERATIVO EN CONJUNTO CON UNIDADES ESPECIALIZADAS;Centro de Monitoreo;No Delictivo
KK;Centro de Monitoreo;No Delictivo
PATRULLAJE INTEGRADO;Centro de Monitoreo;No Delictivo
COLEGIO 3;Centro de Monitoreo;No Delictivo
INFORMACION DEL SERVICIO / TIENDA VENDIENDO LICOR;Centro de Monitoreo;No Delictivo
CONSUMO DE LICOR EN LA VIA PUBLICA;Centro de Monitoreo;No Delictivo
ARMATAMBO;Centro de Monitoreo;No Delictivo
DESMONTE;Centro de Monitoreo;No Delictivo
PERSONA DORMITANTE;Centro de Monitoreo;No Delictivo
SE VISUALIZA CAJON DE MADERA;Centro de Monitoreo;No Delictivo
CONSUMO DE LICOR;Centro de Monitoreo;No Delictivo
CONSUMO DE LICOR EN LA VIA PUBLICA;Centro de Monitoreo;No Delictivo
MALEZA;Centro de Monitoreo;No Delictivo
CONSUMO DE LICOR EN LA VIA PUBLICA;Centro de Monitoreo;No Delictivo
INFORMACION DEL SERVICIO;Centro de Monitoreo;No Delictivo
DD;Centro de Monitoreo;No Delictivo
VEHICULO MAL ESTACIONADO;Centro de Monitoreo;No Delictivo
PATRULLAJE INTEGRADO/INCONCLUSO - D27;Centro de Monitoreo;No Delictivo
HH;Centro de Monitoreo;No Delictivo
SE VISUALIZA ARROJO DE MALEZA;Centro de Monitoreo;No Delictivo
NOVEDAD DE SERVICIO;Centro de Monitoreo;No Delictivo
SUJETO SE ENCUENTRA DORMITANDO EN LA VIA PUBLICA .;Centro de Monitoreo;No Delictivo
SUJETOS EN CONSUMO DE BEBIDAS ALCOHOLICAS Y CAUSANDO RUIDOS MOLESTOS .;Centro de Monitoreo;No Delictivo
CONSUMO DE LICOR Y BULLA EXCESIVA;Centro de Monitoreo;No Delictivo
DESMONTE;Centro de Monitoreo;No Delictivo
VEHICULO MAL ESTACIONADO;Centro de Monitoreo;No Delictivo
ARROJO DE BASURA;Centro de Monitoreo;No Delictivo
RESGUARDO APOYO CONSIGNA LOZA DEPORTIVA CALEDONIA ;Centro de Monitoreo;No Delictivo
PRUEBA ARDUINO;Centro de Monitoreo;No Delictivo
OPERATIVO BRIGADA CANINA;Centro de Monitoreo;No Delictivo
INFORMACION DEL SERVICIO;Centro de Monitoreo;No Delictivo
APOYO A RESGUARDO DE BRIGADA CANINA;Centro de Monitoreo;No Delictivo
ACTIVACION DE ALARMA;Centro de Monitoreo;No Delictivo
ARROJO DE BASURA;Centro de Monitoreo;No Delictivo
SIN INTEGRAD SECTOR 5;Centro de Monitoreo;No Delictivo
DESMONTE;Centro de Monitoreo;No Delictivo
RESGUARDO ANIVERSARIO;Centro de Monitoreo;No Delictivo
INFORMACION DEL SERVICIO;Centro de Monitoreo;No Delictivo
AUXILIO MEDICO - HERIDO POR CAIDA;Centro de Monitoreo;No Delictivo
FF;Centro de Monitoreo;No Delictivo
DD;Centro de Monitoreo;No Delictivo
HH;Centro de Monitoreo;No Delictivo
APOYO A VECINO;Centro de Monitoreo;No Delictivo
FALLA DE CAMARA DE VIGILANCIA;Centro de Monitoreo;No Delictivo
EVENTO PARKFEST;Centro de Monitoreo;No Delictivo
VEREDAS EN MAL ESTADO;Centro de Monitoreo;No Delictivo
COMERCIO AMBULATORIO;Centro de Monitoreo;No Delictivo
FALLA DE MONITOREO;Centro de Monitoreo;No Delictivo
ARROJO DE BASURA;Centro de Monitoreo;No Delictivo
SE DA INICIO AL PATRULLAJE INTEGRADO;Centro de Monitoreo;No Delictivo
CAMARA INOPERATIVA;Centro de Monitoreo;No Delictivo
BASURA;Centro de Monitoreo;No Delictivo
DESMONTE;Centro de Monitoreo;No Delictivo
GRABACIONES AL AIRE LIBRE;Centro de Monitoreo;No Delictivo
DORMITANTE;Centro de Monitoreo;No Delictivo
BASURA;Centro de Monitoreo;No Delictivo
PODA DE ARBOL;Centro de Monitoreo;No Delictivo
SOLICITUD DE PATRULLAJE;Centro de Monitoreo;No Delictivo
AUTO EN VEREDA;Centro de Monitoreo;No Delictivo
ARROJO DE DESMONTE;Centro de Monitoreo;No Delictivo
CATERIANA CAIDA;Centro de Monitoreo;No Delictivo
ARROJO DE DESMONTE;Centro de Monitoreo;No Delictivo
RESIDUOS SOLIDOS;Centro de Monitoreo;No Delictivo
DESMONTE;Centro de Monitoreo;No Delictivo
BASURA;Centro de Monitoreo;No Delictivo
ARROJO DE DESMONTE;Centro de Monitoreo;No Delictivo
DESMONTE;Centro de Monitoreo;No Delictivo
SDASDASD;Centro de Monitoreo;No Delictivo
IZAMIENTO;Centro de Monitoreo;No Delictivo
PODA DE ARBOL;Centro de Monitoreo;No Delictivo
CAMARA CAIDA;Centro de Monitoreo;No Delictivo
VEHICULOS ESTACIONADOS EN ZONA RIGIDA;Centro de Monitoreo;No Delictivo
RESGUARDO;Centro de Monitoreo;No Delictivo
MOTO ABANDONADO;Centro de Monitoreo;No Delictivo
SUJETO DORMITANDO EN LA VIA PUIBLICA;Centro de Monitoreo;No Delictivo
RESGUARDO;Centro de Monitoreo;No Delictivo
